<?xml version="1.0" encoding="utf-8" ?>
<dwsync>
<file name="activities.rst" server="ftp.helixhouse.info/public_html/" local="130915896410000000" remote="130924543800000000" Dst="0" />
<file name="events.rst" server="ftp.helixhouse.info/public_html/" local="130915896410000000" remote="130924543800000000" Dst="0" />
<file name="reservations.rst" server="ftp.helixhouse.info/public_html/" local="130915896410000000" remote="130924543800000000" Dst="0" />
<file name="statistics.rst" server="ftp.helixhouse.info/public_html/" local="130915896410000000" remote="130924543800000000" Dst="0" />
<file name="task-queues.rst" server="ftp.helixhouse.info/public_html/" local="130915896410000000" remote="130924543800000000" Dst="0" />
<file name="tasks.rst" server="ftp.helixhouse.info/public_html/" local="130915896410000000" remote="130924543800000000" Dst="0" />
<file name="workers.rst" server="ftp.helixhouse.info/public_html/" local="130915896410000000" remote="130924543800000000" Dst="0" />
<file name="workflows.rst" server="ftp.helixhouse.info/public_html/" local="130915896410000000" remote="130924543800000000" Dst="0" />
<file name="workspaces.rst" server="ftp.helixhouse.info/public_html/" local="130915896410000000" remote="130924543800000000" Dst="0" />
</dwsync>