<?xml version="1.0" encoding="utf-8" ?>
<dwsync>
<file name="AdExchangeBuyer.php" server="ftp.helixhouse.info/public_html/" local="130924531132600590" remote="130915986600000000" Dst="0" />
<file name="AdExchangeSeller.php" server="ftp.helixhouse.info/public_html/" local="130924531132900611" remote="130915986600000000" Dst="0" />
<file name="AdSense.php" server="ftp.helixhouse.info/public_html/" local="130924531133970789" remote="130915986600000000" Dst="0" />
<file name="Admin.php" server="ftp.helixhouse.info/public_html/" local="130924531135991226" remote="130915986600000000" Dst="0" />
<file name="AdSenseHost.php" server="ftp.helixhouse.info/public_html/" local="130924531138741695" remote="130915986600000000" Dst="0" />
<file name="AndroidEnterprise.php" server="ftp.helixhouse.info/public_html/" local="130924531142932466" remote="130915986600000000" Dst="0" />
<file name="Analytics.php" server="ftp.helixhouse.info/public_html/" local="130924531146703257" remote="130915986600000000" Dst="0" />
<file name="AndroidPublisher.php" server="ftp.helixhouse.info/public_html/" local="130924531147313282" remote="130915986600000000" Dst="0" />
<file name="AppState.php" server="ftp.helixhouse.info/public_html/" local="130924531148418484" remote="130915986600000000" Dst="0" />
<file name="Appsactivity.php" server="ftp.helixhouse.info/public_html/" local="130924531151323907" remote="130915986600000000" Dst="0" />
<file name="Appengine.php" server="ftp.helixhouse.info/public_html/" local="130924531152464138" remote="130915986600000000" Dst="0" />
<file name="Audit.php" server="ftp.helixhouse.info/public_html/" local="130924531152644206" remote="130915986600000000" Dst="0" />
<file name="Autoscaler.php" server="ftp.helixhouse.info/public_html/" local="130924531156684941" remote="130915986600000000" Dst="0" />
<file name="Bigquery.php" server="ftp.helixhouse.info/public_html/" local="130924531159345324" remote="130915986600000000" Dst="0" />
<file name="Blogger.php" server="ftp.helixhouse.info/public_html/" local="130924531159815459" remote="130915986600000000" Dst="0" />
<file name="Books.php" server="ftp.helixhouse.info/public_html/" local="130924531165406598" remote="130915986600000000" Dst="0" />
<file name="CivicInfo.php" server="ftp.helixhouse.info/public_html/" local="130924531165556599" remote="130915986600000000" Dst="0" />
<file name="Calendar.php" server="ftp.helixhouse.info/public_html/" local="130924531166586756" remote="130915986600000000" Dst="0" />
<file name="CloudMonitoring.php" server="ftp.helixhouse.info/public_html/" local="130924531170927557" remote="130915986600000000" Dst="0" />
<file name="Classroom.php" server="ftp.helixhouse.info/public_html/" local="130924531171617751" remote="130915986600000000" Dst="0" />
<file name="CloudUserAccounts.php" server="ftp.helixhouse.info/public_html/" local="130924531172958114" remote="130915986600000000" Dst="0" />
<file name="Cloudbilling.php" server="ftp.helixhouse.info/public_html/" local="130924531175018580" remote="130915986600000000" Dst="0" />
<file name="Cloudlatencytest.php" server="ftp.helixhouse.info/public_html/" local="130924531176268772" remote="130915986600000000" Dst="0" />
<file name="Clouddebugger.php" server="ftp.helixhouse.info/public_html/" local="130924531176938941" remote="130915986600000000" Dst="0" />
<file name="Cloudsearch.php" server="ftp.helixhouse.info/public_html/" local="130924531179039301" remote="130915986600000000" Dst="0" />
<file name="Cloudresourcemanager.php" server="ftp.helixhouse.info/public_html/" local="130924531180434551" remote="130915986600000000" Dst="0" />
<file name="Cloudtrace.php" server="ftp.helixhouse.info/public_html/" local="130924531181609806" remote="130915986600000000" Dst="0" />
<file name="Computeaccounts.php" server="ftp.helixhouse.info/public_html/" local="130924531186661035" remote="130915986600000000" Dst="0" />
<file name="Container.php" server="ftp.helixhouse.info/public_html/" local="130924531186861045" remote="130915986600000000" Dst="0" />
<file name="Compute.php" server="ftp.helixhouse.info/public_html/" local="130924531198253536" remote="130915986600000000" Dst="0" />
<file name="Customsearch.php" server="ftp.helixhouse.info/public_html/" local="130924531198428661" remote="130915986600000000" Dst="0" />
<file name="Coordinate.php" server="ftp.helixhouse.info/public_html/" local="130924531198743677" remote="130915986600000000" Dst="0" />
<file name="DataTransfer.php" server="ftp.helixhouse.info/public_html/" local="130924531202184321" remote="130915986600000000" Dst="0" />
<file name="Datastore.php" server="ftp.helixhouse.info/public_html/" local="130924531204044660" remote="130915986600000000" Dst="0" />
<file name="Dataflow.php" server="ftp.helixhouse.info/public_html/" local="130924531207925436" remote="130915986600000000" Dst="0" />
<file name="DeploymentManager.php" server="ftp.helixhouse.info/public_html/" local="130924531208265459" remote="130915986600000000" Dst="0" />
<file name="Dns.php" server="ftp.helixhouse.info/public_html/" local="130924531213126907" remote="130915986600000000" Dst="0" />
<file name="Dfareporting.php" server="ftp.helixhouse.info/public_html/" local="130924531222708798" remote="130915986600000000" Dst="0" />
<file name="Directory.php" server="ftp.helixhouse.info/public_html/" local="130924531224679118" remote="130915986600000000" Dst="0" />
<file name="DoubleClickBidManager.php" server="ftp.helixhouse.info/public_html/" local="130924531225969501" remote="130915986600000000" Dst="0" />
<file name="Exception.php" server="ftp.helixhouse.info/public_html/" local="130924531228560080" remote="130915986600000000" Dst="0" />
<file name="Doubleclicksearch.php" server="ftp.helixhouse.info/public_html/" local="130924531229580342" remote="130915986600000000" Dst="0" />
<file name="Drive.php" server="ftp.helixhouse.info/public_html/" local="130924531232911055" remote="130915986600000000" Dst="0" />
<file name="Freebase.php" server="ftp.helixhouse.info/public_html/" local="130924531233506194" remote="130915986600000000" Dst="0" />
<file name="Fitness.php" server="ftp.helixhouse.info/public_html/" local="130924531234361300" remote="130915986600000000" Dst="0" />
<file name="Fusiontables.php" server="ftp.helixhouse.info/public_html/" local="130924531239492473" remote="130915986600000000" Dst="0" />
<file name="GamesConfiguration.php" server="ftp.helixhouse.info/public_html/" local="130924531239742540" remote="130915986600000000" Dst="0" />
<file name="Games.php" server="ftp.helixhouse.info/public_html/" local="130924531242663240" remote="130915986600000000" Dst="0" />
<file name="GamesManagement.php" server="ftp.helixhouse.info/public_html/" local="130924531246429103" remote="130915986600000000" Dst="0" />
<file name="Genomics.php" server="ftp.helixhouse.info/public_html/" local="130924531247884437" remote="130915986600000000" Dst="0" />
<file name="Gmail.php" server="ftp.helixhouse.info/public_html/" local="130924531249074608" remote="130915986600000000" Dst="0" />
<file name="GroupsMigration.php" server="ftp.helixhouse.info/public_html/" local="130924531249414699" remote="130915986600000000" Dst="0" />
<file name="Groupssettings.php" server="ftp.helixhouse.info/public_html/" local="130924531251635135" remote="130915986600000000" Dst="0" />
<file name="Licensing.php" server="ftp.helixhouse.info/public_html/" local="130924531253795555" remote="130915986600000000" Dst="0" />
<file name="IdentityToolkit.php" server="ftp.helixhouse.info/public_html/" local="130924531254715737" remote="130915986600000000" Dst="0" />
<file name="Logging.php" server="ftp.helixhouse.info/public_html/" local="130924531255395771" remote="130915986600000000" Dst="0" />
<file name="Manager.php" server="ftp.helixhouse.info/public_html/" local="130924531259556578" remote="130915986600000000" Dst="0" />
<file name="Mirror.php" server="ftp.helixhouse.info/public_html/" local="130924531261482038" remote="130915986600000000" Dst="0" />
<file name="MapsEngine.php" server="ftp.helixhouse.info/public_html/" local="130924531263737429" remote="130915986600000000" Dst="0" />
<file name="Oauth2.php" server="ftp.helixhouse.info/public_html/" local="130924531263887440" remote="130915986600000000" Dst="0" />
<file name="Pagespeedonline.php" server="ftp.helixhouse.info/public_html/" local="130924531266738161" remote="130915986600000000" Dst="0" />
<file name="Partners.php" server="ftp.helixhouse.info/public_html/" local="130924531269463742" remote="130915986600000000" Dst="0" />
<file name="Playmoviespartner.php" server="ftp.helixhouse.info/public_html/" local="130924531269788818" remote="130915986600000000" Dst="0" />
<file name="Plus.php" server="ftp.helixhouse.info/public_html/" local="130924531274369757" remote="130915986600000000" Dst="0" />
<file name="Prediction.php" server="ftp.helixhouse.info/public_html/" local="130924531275039921" remote="130915986600000000" Dst="0" />
<file name="PlusDomains.php" server="ftp.helixhouse.info/public_html/" local="130924531276505175" remote="130915986600000000" Dst="0" />
<file name="Proximitybeacon.php" server="ftp.helixhouse.info/public_html/" local="130924531279960935" remote="130915986600000000" Dst="0" />
<file name="Pubsub.php" server="ftp.helixhouse.info/public_html/" local="130924531280581081" remote="130915986600000000" Dst="0" />
<file name="QPXExpress.php" server="ftp.helixhouse.info/public_html/" local="130924531281631278" remote="130915986600000000" Dst="0" />
<file name="Replicapool.php" server="ftp.helixhouse.info/public_html/" local="130924531286282118" remote="130915986600000000" Dst="0" />
<file name="Reports.php" server="ftp.helixhouse.info/public_html/" local="130924531286832358" remote="130915986600000000" Dst="0" />
<file name="Replicapoolupdater.php" server="ftp.helixhouse.info/public_html/" local="130924531287052367" remote="130915986600000000" Dst="0" />
<file name="Resource.php" server="ftp.helixhouse.info/public_html/" local="130924531290583211" remote="130915986600000000" Dst="0" />
<file name="Reseller.php" server="ftp.helixhouse.info/public_html/" local="130924531291393256" remote="130915986600000000" Dst="0" />
<file name="Resourceviews.php" server="ftp.helixhouse.info/public_html/" local="130924531292458604" remote="130915986600000000" Dst="0" />
<file name="Script.php" server="ftp.helixhouse.info/public_html/" local="130924531295144120" remote="130915986600000000" Dst="0" />
<file name="SiteVerification.php" server="ftp.helixhouse.info/public_html/" local="130924531299255119" remote="130915986600000000" Dst="0" />
<file name="SQLAdmin.php" server="ftp.helixhouse.info/public_html/" local="130924531300225289" remote="130915986600000000" Dst="0" />
<file name="Spectrum.php" server="ftp.helixhouse.info/public_html/" local="130924531304896399" remote="130915986600000000" Dst="0" />
<file name="Storage.php" server="ftp.helixhouse.info/public_html/" local="130924531307587053" remote="130915986600000000" Dst="0" />
<file name="Storagetransfer.php" server="ftp.helixhouse.info/public_html/" local="130924531310637666" remote="130915986600000000" Dst="0" />
<file name="ShoppingContent.php" server="ftp.helixhouse.info/public_html/" local="130924531313988266" remote="130915986600000000" Dst="0" />
<file name="TagManager.php" server="ftp.helixhouse.info/public_html/" local="130924531315078469" remote="130915986600000000" Dst="0" />
<file name="Taskqueue.php" server="ftp.helixhouse.info/public_html/" local="130924531316348686" remote="130915986600000000" Dst="0" />
<file name="Translate.php" server="ftp.helixhouse.info/public_html/" local="130924531318789219" remote="130915986600000000" Dst="0" />
<file name="Tasks.php" server="ftp.helixhouse.info/public_html/" local="130924531319019232" remote="130915986600000000" Dst="0" />
<file name="Webfonts.php" server="ftp.helixhouse.info/public_html/" local="130924531321709842" remote="130915986600000000" Dst="0" />
<file name="Urlshortener.php" server="ftp.helixhouse.info/public_html/" local="130924531324455540" remote="130915986600000000" Dst="0" />
<file name="Webmasters.php" server="ftp.helixhouse.info/public_html/" local="130924531325260691" remote="130915986600000000" Dst="0" />
<file name="YouTubeReporting.php" server="ftp.helixhouse.info/public_html/" local="130924531330992440" remote="130915986600000000" Dst="0" />
<file name="YouTubeAnalytics.php" server="ftp.helixhouse.info/public_html/" local="130924531331507519" remote="130915986600000000" Dst="0" />
<file name="YouTube.php" server="ftp.helixhouse.info/public_html/" local="130924531339654330" remote="130915986600000000" Dst="0" />
</dwsync>