<?xml version="1.0" encoding="utf-8" ?>
<dwsync>
<file name="AutoPagingIterator.php" server="ftp.helixhouse.info/public_html/" local="130915896410000000" remote="130924543800000000" Dst="0" />
<file name="Capability.php" server="ftp.helixhouse.info/public_html/" local="130915896410000000" remote="130924543800000000" Dst="0" />
<file name="JWT.php" server="ftp.helixhouse.info/public_html/" local="130915896410000000" remote="130924543800000000" Dst="0" />
<file name="CapabilityTaskRouter.php" server="ftp.helixhouse.info/public_html/" local="130915896410000000" remote="130924543800000000" Dst="0" />
<file name="CapabilityAPI.php" server="ftp.helixhouse.info/public_html/" local="130915896410000000" remote="130924543800000000" Dst="0" />
<file name="HttpException.php" server="ftp.helixhouse.info/public_html/" local="130915896410000000" remote="130924543800000000" Dst="0" />
<file name="HttpStream.php" server="ftp.helixhouse.info/public_html/" local="130915896410000000" remote="130924543800000000" Dst="0" />
<file name="InstanceResource.php" server="ftp.helixhouse.info/public_html/" local="130915896410000000" remote="130924543800000000" Dst="0" />
<file name="ListResource.php" server="ftp.helixhouse.info/public_html/" local="130915896410000000" remote="130924543800000000" Dst="0" />
<file name="LookupsInstanceResource.php" server="ftp.helixhouse.info/public_html/" local="130915896410000000" remote="130924543800000000" Dst="0" />
<file name="LookupsListResource.php" server="ftp.helixhouse.info/public_html/" local="130915896410000000" remote="130924543800000000" Dst="0" />
<file name="MonitorInstanceResource.php" server="ftp.helixhouse.info/public_html/" local="130915896410000000" remote="130924543800000000" Dst="0" />
<file name="MonitorListResource.php" server="ftp.helixhouse.info/public_html/" local="130915896410000000" remote="130924543800000000" Dst="0" />
<file name="NextGenInstanceResource.php" server="ftp.helixhouse.info/public_html/" local="130915896410000000" remote="130924543800000000" Dst="0" />
<file name="NextGenListResource.php" server="ftp.helixhouse.info/public_html/" local="130915896410000000" remote="130924543800000000" Dst="0" />
<file name="NumberType.php" server="ftp.helixhouse.info/public_html/" local="130915896410000000" remote="130924543800000000" Dst="0" />
<file name="Page.php" server="ftp.helixhouse.info/public_html/" local="130915896410000000" remote="130924543800000000" Dst="0" />
<file name="PartialApplicationHelper.php" server="ftp.helixhouse.info/public_html/" local="130915896410000000" remote="130924543800000000" Dst="0" />
<file name="PricingInstanceResource.php" server="ftp.helixhouse.info/public_html/" local="130915896410000000" remote="130924543800000000" Dst="0" />
<file name="PricingListResource.php" server="ftp.helixhouse.info/public_html/" local="130915896410000000" remote="130924543800000000" Dst="0" />
<file name="RequestValidator.php" server="ftp.helixhouse.info/public_html/" local="130915896410000000" remote="130924543800000000" Dst="0" />
<file name="Resource.php" server="ftp.helixhouse.info/public_html/" local="130915896410000000" remote="130924543800000000" Dst="0" />
<file name="RestException.php" server="ftp.helixhouse.info/public_html/" local="130915896410000000" remote="130924543800000000" Dst="0" />
<file name="SIPListResource.php" server="ftp.helixhouse.info/public_html/" local="130915896410000000" remote="130924543800000000" Dst="0" />
<file name="TaskRouterInstanceResource.php" server="ftp.helixhouse.info/public_html/" local="130915896410000000" remote="130924543800000000" Dst="0" />
<file name="TaskRouterListResource.php" server="ftp.helixhouse.info/public_html/" local="130915896410000000" remote="130924543800000000" Dst="0" />
<file name="TimeRangeResource.php" server="ftp.helixhouse.info/public_html/" local="130915896410000000" remote="130924543800000000" Dst="0" />
<file name="TinyHttp.php" server="ftp.helixhouse.info/public_html/" local="130915896410000000" remote="130924543800000000" Dst="0" />
<file name="TrunkingInstanceResource.php" server="ftp.helixhouse.info/public_html/" local="130915896410000000" remote="130924543800000000" Dst="0" />
<file name="TrunkingListResource.php" server="ftp.helixhouse.info/public_html/" local="130915896410000000" remote="130924543800000000" Dst="0" />
<file name="Twiml.php" server="ftp.helixhouse.info/public_html/" local="130915896410000000" remote="130924543800000000" Dst="0" />
<file name="UsageResource.php" server="ftp.helixhouse.info/public_html/" local="130915896410000000" remote="130924543800000000" Dst="0" />
<file name="WorkflowConfiguration.php" server="ftp.helixhouse.info/public_html/" local="130915896410000000" remote="130924543800000000" Dst="0" />
</dwsync>