<?xml version="1.0" encoding="utf-8" ?>
<dwsync>
<file name="AdExchangeSeller.php" server="ftp.helixhouse.info/public_html/" local="130979018210183079" remote="130965204000000000" Dst="0" />
<file name="AdSense.php" server="ftp.helixhouse.info/public_html/" local="130979018212033450" remote="130965204000000000" Dst="0" />
<file name="Admin.php" server="ftp.helixhouse.info/public_html/" local="130979018214884079" remote="130965204000000000" Dst="0" />
<file name="AdSenseHost.php" server="ftp.helixhouse.info/public_html/" local="130979018216649515" remote="130965204000000000" Dst="0" />
<file name="AndroidEnterprise.php" server="ftp.helixhouse.info/public_html/" local="130979018231558619" remote="130965204000000000" Dst="0" />
<file name="Analytics.php" server="ftp.helixhouse.info/public_html/" local="130979018233419066" remote="130965204000000000" Dst="0" />
<file name="AppState.php" server="ftp.helixhouse.info/public_html/" local="130979018237660398" remote="130965204000000000" Dst="0" />
<file name="AndroidPublisher.php" server="ftp.helixhouse.info/public_html/" local="130979018241581444" remote="130965204000000000" Dst="0" />
<file name="Appengine.php" server="ftp.helixhouse.info/public_html/" local="130979018243962211" remote="130965204000000000" Dst="0" />
<file name="AdExchangeBuyer.php" server="ftp.helixhouse.info/public_html/" local="130979018246062903" remote="130965204000000000" Dst="0" />
<file name="Appsactivity.php" server="ftp.helixhouse.info/public_html/" local="130979018246252866" remote="130965204000000000" Dst="0" />
<file name="Audit.php" server="ftp.helixhouse.info/public_html/" local="130979018248493522" remote="130965204000000000" Dst="0" />
<file name="Autoscaler.php" server="ftp.helixhouse.info/public_html/" local="130979018251294406" remote="130965204000000000" Dst="0" />
<file name="Bigquery.php" server="ftp.helixhouse.info/public_html/" local="130979018253594932" remote="130965204000000000" Dst="0" />
<file name="Blogger.php" server="ftp.helixhouse.info/public_html/" local="130979018255715502" remote="130965204000000000" Dst="0" />
<file name="Books.php" server="ftp.helixhouse.info/public_html/" local="130979018261207270" remote="130965204000000000" Dst="0" />
<file name="Calendar.php" server="ftp.helixhouse.info/public_html/" local="130979018261877600" remote="130965204000000000" Dst="0" />
<file name="CivicInfo.php" server="ftp.helixhouse.info/public_html/" local="130979018262027611" remote="130965204000000000" Dst="0" />
<file name="Classroom.php" server="ftp.helixhouse.info/public_html/" local="130979018267499217" remote="130965204000000000" Dst="0" />
<file name="CloudMonitoring.php" server="ftp.helixhouse.info/public_html/" local="130979018267779380" remote="130965204000000000" Dst="0" />
<file name="CloudUserAccounts.php" server="ftp.helixhouse.info/public_html/" local="130979018268889602" remote="130965204000000000" Dst="0" />
<file name="Cloudbilling.php" server="ftp.helixhouse.info/public_html/" local="130979018271625303" remote="130965204000000000" Dst="0" />
<file name="Cloudlatencytest.php" server="ftp.helixhouse.info/public_html/" local="130979018272440505" remote="130965204000000000" Dst="0" />
<file name="Clouddebugger.php" server="ftp.helixhouse.info/public_html/" local="130979018273000616" remote="130965204000000000" Dst="0" />
<file name="Cloudsearch.php" server="ftp.helixhouse.info/public_html/" local="130979018275061097" remote="130965204000000000" Dst="0" />
<file name="Cloudresourcemanager.php" server="ftp.helixhouse.info/public_html/" local="130979018276981775" remote="130965204000000000" Dst="0" />
<file name="Cloudtrace.php" server="ftp.helixhouse.info/public_html/" local="130979018277111839" remote="130965204000000000" Dst="0" />
<file name="Container.php" server="ftp.helixhouse.info/public_html/" local="130979018281922805" remote="130965204000000000" Dst="0" />
<file name="Computeaccounts.php" server="ftp.helixhouse.info/public_html/" local="130979018282522897" remote="130965204000000000" Dst="0" />
<file name="Compute.php" server="ftp.helixhouse.info/public_html/" local="130979018291984736" remote="130965204000000000" Dst="0" />
<file name="Coordinate.php" server="ftp.helixhouse.info/public_html/" local="130979018292214704" remote="130965204000000000" Dst="0" />
<file name="Customsearch.php" server="ftp.helixhouse.info/public_html/" local="130979018292344700" remote="130965204000000000" Dst="0" />
<file name="DataTransfer.php" server="ftp.helixhouse.info/public_html/" local="130979018301857306" remote="130965204000000000" Dst="0" />
<file name="Datastore.php" server="ftp.helixhouse.info/public_html/" local="130979018304347730" remote="130965204000000000" Dst="0" />
<file name="Dataflow.php" server="ftp.helixhouse.info/public_html/" local="130979018306673224" remote="130965204000000000" Dst="0" />
<file name="DeploymentManager.php" server="ftp.helixhouse.info/public_html/" local="130979018311654616" remote="130965204000000000" Dst="0" />
<file name="Directory.php" server="ftp.helixhouse.info/public_html/" local="130979018317645925" remote="130965204000000000" Dst="0" />
<file name="Dns.php" server="ftp.helixhouse.info/public_html/" local="130979018317860993" remote="130965204000000000" Dst="0" />
<file name="Dfareporting.php" server="ftp.helixhouse.info/public_html/" local="130979018325572517" remote="130965204000000000" Dst="0" />
<file name="DoubleClickBidManager.php" server="ftp.helixhouse.info/public_html/" local="130979018329763605" remote="130965204000000000" Dst="0" />
<file name="Doubleclicksearch.php" server="ftp.helixhouse.info/public_html/" local="130979018330383644" remote="130965204000000000" Dst="0" />
<file name="Exception.php" server="ftp.helixhouse.info/public_html/" local="130979018332639118" remote="130965204000000000" Dst="0" />
<file name="Drive.php" server="ftp.helixhouse.info/public_html/" local="130979018334699594" remote="130965204000000000" Dst="0" />
<file name="Fitness.php" server="ftp.helixhouse.info/public_html/" local="130979018336004796" remote="130965204000000000" Dst="0" />
<file name="Freebase.php" server="ftp.helixhouse.info/public_html/" local="130979018337995420" remote="130965204000000000" Dst="0" />
<file name="Fusiontables.php" server="ftp.helixhouse.info/public_html/" local="130979018341216034" remote="130965204000000000" Dst="0" />
<file name="GamesConfiguration.php" server="ftp.helixhouse.info/public_html/" local="130979018342986614" remote="130965204000000000" Dst="0" />
<file name="Games.php" server="ftp.helixhouse.info/public_html/" local="130979018344907102" remote="130965204000000000" Dst="0" />
<file name="GamesManagement.php" server="ftp.helixhouse.info/public_html/" local="130979018346787682" remote="130965204000000000" Dst="0" />
<file name="GroupsMigration.php" server="ftp.helixhouse.info/public_html/" local="130979018349698502" remote="130965204000000000" Dst="0" />
<file name="Genomics.php" server="ftp.helixhouse.info/public_html/" local="130979018351059002" remote="130965204000000000" Dst="0" />
<file name="Gmail.php" server="ftp.helixhouse.info/public_html/" local="130979018351579077" remote="130965204000000000" Dst="0" />
<file name="Groupssettings.php" server="ftp.helixhouse.info/public_html/" local="130979018353559732" remote="130965204000000000" Dst="0" />
<file name="Licensing.php" server="ftp.helixhouse.info/public_html/" local="130979018355560246" remote="130965204000000000" Dst="0" />
<file name="IdentityToolkit.php" server="ftp.helixhouse.info/public_html/" local="130979018356695662" remote="130965204000000000" Dst="0" />
<file name="Logging.php" server="ftp.helixhouse.info/public_html/" local="130979018357090747" remote="130965204000000000" Dst="0" />
<file name="Manager.php" server="ftp.helixhouse.info/public_html/" local="130979018361241996" remote="130965204000000000" Dst="0" />
<file name="Mirror.php" server="ftp.helixhouse.info/public_html/" local="130979018363402709" remote="130965204000000000" Dst="0" />
<file name="Oauth2.php" server="ftp.helixhouse.info/public_html/" local="130979018365083153" remote="130965204000000000" Dst="0" />
<file name="Pagespeedonline.php" server="ftp.helixhouse.info/public_html/" local="130979018368114044" remote="130965204000000000" Dst="0" />
<file name="Partners.php" server="ftp.helixhouse.info/public_html/" local="130979018371015023" remote="130965204000000000" Dst="0" />
<file name="Playmoviespartner.php" server="ftp.helixhouse.info/public_html/" local="130979018373610867" remote="130965204000000000" Dst="0" />
<file name="Plus.php" server="ftp.helixhouse.info/public_html/" local="130979018378016950" remote="130965204000000000" Dst="0" />
<file name="PlusDomains.php" server="ftp.helixhouse.info/public_html/" local="130979018380587474" remote="130965204000000000" Dst="0" />
<file name="Prediction.php" server="ftp.helixhouse.info/public_html/" local="130979018383188388" remote="130965204000000000" Dst="0" />
<file name="Proximitybeacon.php" server="ftp.helixhouse.info/public_html/" local="130979018385869142" remote="130965204000000000" Dst="0" />
<file name="Pubsub.php" server="ftp.helixhouse.info/public_html/" local="130979018388349662" remote="130965204000000000" Dst="0" />
<file name="QPXExpress.php" server="ftp.helixhouse.info/public_html/" local="130979018390700386" remote="130965204000000000" Dst="0" />
<file name="Replicapool.php" server="ftp.helixhouse.info/public_html/" local="130979018393581052" remote="130965204000000000" Dst="0" />
<file name="MapsEngine.php" server="ftp.helixhouse.info/public_html/" local="130979018396381926" remote="130965204000000000" Dst="0" />
<file name="Replicapoolupdater.php" server="ftp.helixhouse.info/public_html/" local="130979018396591884" remote="130965204000000000" Dst="0" />
<file name="Reports.php" server="ftp.helixhouse.info/public_html/" local="130979018399352762" remote="130965204000000000" Dst="0" />
<file name="Resource.php" server="ftp.helixhouse.info/public_html/" local="130979018399823142" remote="130965204000000000" Dst="0" />
<file name="Reseller.php" server="ftp.helixhouse.info/public_html/" local="130979018401533373" remote="130965204000000000" Dst="0" />
<file name="Resourceviews.php" server="ftp.helixhouse.info/public_html/" local="130979018404604359" remote="130965204000000000" Dst="0" />
<file name="Script.php" server="ftp.helixhouse.info/public_html/" local="130979018405794818" remote="130965204000000000" Dst="0" />
<file name="SQLAdmin.php" server="ftp.helixhouse.info/public_html/" local="130979018406875233" remote="130965204000000000" Dst="0" />
<file name="SiteVerification.php" server="ftp.helixhouse.info/public_html/" local="130979018410426239" remote="130965204000000000" Dst="0" />
<file name="Spectrum.php" server="ftp.helixhouse.info/public_html/" local="130979018412356749" remote="130965204000000000" Dst="0" />
<file name="ShoppingContent.php" server="ftp.helixhouse.info/public_html/" local="130979018415507633" remote="130965204000000000" Dst="0" />
<file name="Storage.php" server="ftp.helixhouse.info/public_html/" local="130979018418038396" remote="130965204000000000" Dst="0" />
<file name="Storagetransfer.php" server="ftp.helixhouse.info/public_html/" local="130979018420633962" remote="130965204000000000" Dst="0" />
<file name="Taskqueue.php" server="ftp.helixhouse.info/public_html/" local="130979018423850074" remote="130965204000000000" Dst="0" />
<file name="TagManager.php" server="ftp.helixhouse.info/public_html/" local="130979018424510103" remote="130965204000000000" Dst="0" />
<file name="Tasks.php" server="ftp.helixhouse.info/public_html/" local="130979018426160768" remote="130965204000000000" Dst="0" />
<file name="Translate.php" server="ftp.helixhouse.info/public_html/" local="130979018427651112" remote="130965204000000000" Dst="0" />
<file name="Urlshortener.php" server="ftp.helixhouse.info/public_html/" local="130979018428311239" remote="130965204000000000" Dst="0" />
<file name="Webfonts.php" server="ftp.helixhouse.info/public_html/" local="130979018429431592" remote="130965204000000000" Dst="0" />
<file name="Webmasters.php" server="ftp.helixhouse.info/public_html/" local="130979018433362836" remote="130965204000000000" Dst="0" />
<file name="YouTubeAnalytics.php" server="ftp.helixhouse.info/public_html/" local="130979018434913298" remote="130965204000000000" Dst="0" />
<file name="YouTube.php" server="ftp.helixhouse.info/public_html/" local="130979018440724863" remote="130965204000000000" Dst="0" />
<file name="YouTubeReporting.php" server="ftp.helixhouse.info/public_html/" local="130979018440865125" remote="130965204000000000" Dst="0" />
</dwsync>