<?xml version="1.0" encoding="utf-8" ?>
<dwsync>
<file name="accounts.rst" server="ftp.helixhouse.info/public_html/" local="130915896410000000" remote="130924543800000000" Dst="0" />
<file name="applications.rst" server="ftp.helixhouse.info/public_html/" local="130915896410000000" remote="130924543800000000" Dst="0" />
<file name="callerids.rst" server="ftp.helixhouse.info/public_html/" local="130915896410000000" remote="130924543800000000" Dst="0" />
<file name="calls.rst" server="ftp.helixhouse.info/public_html/" local="130915896410000000" remote="130924543800000000" Dst="0" />
<file name="conferences.rst" server="ftp.helixhouse.info/public_html/" local="130915896410000000" remote="130924543800000000" Dst="0" />
<file name="members.rst" server="ftp.helixhouse.info/public_html/" local="130915896410000000" remote="130924543800000000" Dst="0" />
<file name="messages.rst" server="ftp.helixhouse.info/public_html/" local="130915896410000000" remote="130924543800000000" Dst="0" />
<file name="notifications.rst" server="ftp.helixhouse.info/public_html/" local="130915896410000000" remote="130924543800000000" Dst="0" />
<file name="phonenumbers.rst" server="ftp.helixhouse.info/public_html/" local="130915896410000000" remote="130924543800000000" Dst="0" />
<file name="pricing.rst" server="ftp.helixhouse.info/public_html/" local="130915896410000000" remote="130924543800000000" Dst="0" />
<file name="queues.rst" server="ftp.helixhouse.info/public_html/" local="130915896410000000" remote="130924543800000000" Dst="0" />
<file name="recordings.rst" server="ftp.helixhouse.info/public_html/" local="130915896410000000" remote="130924543800000000" Dst="0" />
<file name="sip.rst" server="ftp.helixhouse.info/public_html/" local="130915896410000000" remote="130924543800000000" Dst="0" />
<file name="sms-messages.rst" server="ftp.helixhouse.info/public_html/" local="130915896410000000" remote="130924543800000000" Dst="0" />
<file name="transcriptions.rst" server="ftp.helixhouse.info/public_html/" local="130915896410000000" remote="130924543800000000" Dst="0" />
<file name="usage-records.rst" server="ftp.helixhouse.info/public_html/" local="130915896410000000" remote="130924543800000000" Dst="0" />
<file name="usage-triggers.rst" server="ftp.helixhouse.info/public_html/" local="130915896410000000" remote="130924543800000000" Dst="0" />
</dwsync>