<?xml version="1.0" encoding="utf-8" ?>
<dwsync>
<file name=".gitignore" server="ftp.helixhouse.info/public_html/" local="130915896410000000" remote="130924543200000000" Dst="0" />
<file name="CHANGES.md" server="ftp.helixhouse.info/public_html/" local="130915896410000000" remote="130924543200000000" Dst="0" />
<file name=".travis.yml" server="ftp.helixhouse.info/public_html/" local="130915896410000000" remote="130924543200000000" Dst="0" />
<file name="AUTHORS.md" server="ftp.helixhouse.info/public_html/" local="130915896410000000" remote="130924543200000000" Dst="0" />
<file name="composer.json" server="ftp.helixhouse.info/public_html/" local="130915896410000000" remote="130924543200000000" Dst="0" />
<file name="composer.lock" server="ftp.helixhouse.info/public_html/" local="130915896410000000" remote="130924543800000000" Dst="0" />
<file name="LICENSE" server="ftp.helixhouse.info/public_html/" local="130915896410000000" remote="130924543800000000" Dst="0" />
<file name="Makefile" server="ftp.helixhouse.info/public_html/" local="130915896410000000" remote="130924543800000000" Dst="0" />
<file name="package.php" server="ftp.helixhouse.info/public_html/" local="130915896410000000" remote="130924543800000000" Dst="0" />
<file name="README.md" server="ftp.helixhouse.info/public_html/" local="130915896410000000" remote="130924543800000000" Dst="0" />
</dwsync>