<?xml version="1.0" encoding="utf-8" ?>
<dwsync>
<file name="appengineauth.php" server="ftp.helixhouse.info/public_html/" local="130979018115681275" remote="130965204000000000" Dst="0" />
<file name="batch.php" server="ftp.helixhouse.info/public_html/" local="130979018119086958" remote="130965204000000000" Dst="0" />
<file name="error_log" server="ftp.helixhouse.info/public_html/" local="131058349683639028" remote="131058214800000000" Dst="0" />
<file name="fileupload.php" server="ftp.helixhouse.info/public_html/" local="130979018121767713" remote="130965204000000000" Dst="0" />
<file name="idtoken.php" server="ftp.helixhouse.info/public_html/" local="131040214387647604" remote="131040072000000000" Dst="0" />
<file name="index.php" server="ftp.helixhouse.info/public_html/" local="130979018124328435" remote="130965204000000000" Dst="0" />
<file name="multi-api.php" server="ftp.helixhouse.info/public_html/" local="130979018125558787" remote="130965204000000000" Dst="0" />
<file name="service-account.php" server="ftp.helixhouse.info/public_html/" local="130979018127329123" remote="130966774800000000" Dst="0" />
<file name="simple-query.php" server="ftp.helixhouse.info/public_html/" local="130979018128624493" remote="130965243000000000" Dst="0" />
<file name="simplefileupload.php" server="ftp.helixhouse.info/public_html/" local="130979018131870490" remote="130965204000000000" Dst="0" />
<file name="user-example.php" server="ftp.helixhouse.info/public_html/" local="131058349702742252" remote="131057473800000000" Dst="0" />
<file name="testfile-small.txt" server="ftp.helixhouse.info/public_html/" local="130979018153957310" remote="130965246000000000" Dst="0" />
</dwsync>