<?xml version="1.0" encoding="utf-8" ?>
<dwsync>
<file name=".gitignore" server="ftp.helixhouse.info/public_html/" local="130979018103483217" remote="130965204000000000" Dst="0" />
<file name=".travis.yml" server="ftp.helixhouse.info/public_html/" local="130979018106114016" remote="130965204000000000" Dst="0" />
<file name="CONTRIBUTING.md" server="ftp.helixhouse.info/public_html/" local="130979018106234029" remote="130965204000000000" Dst="0" />
<file name="README.md" server="ftp.helixhouse.info/public_html/" local="130979018109454976" remote="130965204000000000" Dst="0" />
<file name="LICENSE" server="ftp.helixhouse.info/public_html/" local="130979018109670072" remote="130965204000000000" Dst="0" />
<file name="composer.json" server="ftp.helixhouse.info/public_html/" local="130979018112445617" remote="130965204000000000" Dst="0" />
<file name="autoload.php" server="ftp.helixhouse.info/public_html/" local="130979018112685720" remote="130965204000000000" Dst="0" />
<file name="error_log" server="ftp.helixhouse.info/public_html/" local="130979018115196243" remote="130965209400000000" Dst="0" />
<file name="phpunit.xml.dist" server="ftp.helixhouse.info/public_html/" local="130979018142984002" remote="130965204000000000" Dst="0" />
</dwsync>