<?xml version="1.0" encoding="utf-8" ?>
<dwsync>
<file name="Abstract.php" server="ftp.helixhouse.info/public_html/" local="130979018154087262" remote="130965204000000000" Dst="0" />
<file name="AssertionCredentials.php" server="ftp.helixhouse.info/public_html/" local="130979018157048227" remote="130965204000000000" Dst="0" />
<file name="AppIdentity.php" server="ftp.helixhouse.info/public_html/" local="130979018157428299" remote="130965204000000000" Dst="0" />
<file name="Exception.php" server="ftp.helixhouse.info/public_html/" local="130979018159699296" remote="130965204000000000" Dst="0" />
<file name="ComputeEngine.php" server="ftp.helixhouse.info/public_html/" local="130979018160469389" remote="130965204000000000" Dst="0" />
<file name="LoginTicket.php" server="ftp.helixhouse.info/public_html/" local="130979018160554451" remote="130965204000000000" Dst="0" />
<file name="Simple.php" server="ftp.helixhouse.info/public_html/" local="130979018163440089" remote="130965204000000000" Dst="0" />
<file name="OAuth2.php" server="ftp.helixhouse.info/public_html/" local="130979018165000485" remote="130965204000000000" Dst="0" />
</dwsync>