<?xml version="1.0" encoding="utf-8" ?>
<dwsync>
<file name="Collection.php" server="ftp.helixhouse.info/public_html/" local="130979018171352385" remote="130965204000000000" Dst="0" />
<file name="Config.php" server="ftp.helixhouse.info/public_html/" local="130979018173362955" remote="130965204000000000" Dst="0" />
<file name="Client.php" server="ftp.helixhouse.info/public_html/" local="130979018173833076" remote="130965204000000000" Dst="0" />
<file name="Exception.php" server="ftp.helixhouse.info/public_html/" local="130979018177543855" remote="130965204000000000" Dst="0" />
<file name="Model.php" server="ftp.helixhouse.info/public_html/" local="130979018197959936" remote="130965204000000000" Dst="0" />
<file name="Service.php" server="ftp.helixhouse.info/public_html/" local="130979018437649042" remote="130965204000000000" Dst="0" />
<file name="Utils.php" server="ftp.helixhouse.info/public_html/" local="130979018448742378" remote="130965204000000000" Dst="0" />
<file name="autoload.php" server="ftp.helixhouse.info/public_html/" local="130979018451608069" remote="130965204000000000" Dst="0" />
</dwsync>