<?xml version="1.0" encoding="utf-8" ?>
<dwsync>
<file name=".travis.yml" server="ftp.helixhouse.info/public_html/" local="130924531089342698" remote="130915986600000000" Dst="0" />
<file name=".gitignore" server="ftp.helixhouse.info/public_html/" local="130924531090663065" remote="130915986600000000" Dst="0" />
<file name="CONTRIBUTING.md" server="ftp.helixhouse.info/public_html/" local="130924531090713078" remote="130915986600000000" Dst="0" />
<file name="LICENSE" server="ftp.helixhouse.info/public_html/" local="130924531093203493" remote="130915986600000000" Dst="0" />
<file name="README.md" server="ftp.helixhouse.info/public_html/" local="130924531094133658" remote="130915986600000000" Dst="0" />
<file name="UPGRADING.md" server="ftp.helixhouse.info/public_html/" local="130924531094573776" remote="130915986600000000" Dst="0" />
<file name="composer.json" server="ftp.helixhouse.info/public_html/" local="130924531095963995" remote="130915986600000000" Dst="0" />
<file name="phpunit.xml.dist" server="ftp.helixhouse.info/public_html/" local="130924531108696218" remote="130915986600000000" Dst="0" />
</dwsync>