<?xml version="1.0" encoding="utf-8" ?>
<dwsync>
<file name="batch.php" server="ftp.helixhouse.info/public_html/" local="130924531097484264" remote="130915986600000000" Dst="0" />
<file name="idtoken.php" server="ftp.helixhouse.info/public_html/" local="130924531097974341" remote="130915986600000000" Dst="0" />
<file name="index.php" server="ftp.helixhouse.info/public_html/" local="130924531099304568" remote="130915986600000000" Dst="0" />
<file name="multi-api.php" server="ftp.helixhouse.info/public_html/" local="130924531100574829" remote="130915986600000000" Dst="0" />
<file name="large-file-upload.php" server="ftp.helixhouse.info/public_html/" local="130924531101134856" remote="130915986600000000" Dst="0" />
<file name="service-account.php" server="ftp.helixhouse.info/public_html/" local="130924531102390064" remote="130915986600000000" Dst="0" />
<file name="simple-file-upload.php" server="ftp.helixhouse.info/public_html/" local="130924531103975365" remote="130915986600000000" Dst="0" />
<file name="simple-query.php" server="ftp.helixhouse.info/public_html/" local="130924531104725584" remote="130915986600000000" Dst="0" />
<file name="url-shortener.php" server="ftp.helixhouse.info/public_html/" local="130924531107786068" remote="130915986600000000" Dst="0" />
</dwsync>